Padraig,Teall,Saloma,Vinder,411-96-4858,586-62-9117
Leona,Stanistreet,Merline,Quire,152-88-6682,172-30-9402
Garnette,Riseam,Caryn,Layo,343-06-8196,669-14-2671
Travus,Reckless,Lona,Quatz,787-49-5081,331-12-7620
Melina,Burnett,Annetta,Wordware,393-96-2106,294-03-0802
Brennan,Conrad,Kynthia,Reallinks,537-24-7717,741-06-3317
Kristien,Town,Harri,Abatz,402-55-7231,256-31-0244
Danya,Maes,Theresina,Abata,886-55-5844,379-75-1126
Hubert,Vannar,Nelly,Thoughtbeat,620-64-4352,290-12-5742
Joya,Gibbonson,Danice,Meevee,198-54-4644,128-19-1310
Korie,MacKowle,Sophronia,Jetpulse,359-03-2359,371-36-0118
Fields,Crake,Fayette,Katz,472-26-0314,338-71-0175
Pearle,McIlharga,Shelagh,Dazzlesphere,288-50-1791,749-50-7724
Kiersten,Curzey,Luce,Jabberbean,531-88-8194,508-93-7248
Jeffie,Marval,Althea,Skinte,319-95-0592,485-82-5161
Rivalee,Roskam,Ryann,Dynazzy,207-50-4017,704-07-4037
Dev,Kattenhorn,Sindee,Plambee,690-68-4345,154-82-2332
Griselda,Iglesiaz,Cherry,Topiclounge,239-62-5770,320-05-5961
Melvyn,Kares,Anna-diana,Janyx,237-61-6669,692-56-4326
Jock,Losselyong,Clo,Jayo,430-91-7620,307-71-7396
Arlinda,Mixture,Valery,Linkbuzz,707-81-5159,196-44-3303
Pierette,Dearle-Palser,Milissent,Yambee,758-93-3825,441-55-7752
Lacey,Loveman,Vanessa,Eidel,830-94-8488,365-42-2814
Sonny,Ambrosio,Hattie,Jabberbean,840-04-6480,716-43-9151
Kristel,Kitchingman,Myrtice,Yombu,754-67-3025,229-63-4506
Brandon,Simner,Antonetta,Kimia,721-03-0743,384-48-1553
Mason,Dudill,Eulalie,Feedfish,311-72-5399,575-16-6702
Neel,Chesley,Sharline,Youopia,383-38-3798,386-95-3798
Karin,Penwright,Sidonia,Quimm,550-89-6632,466-45-2021
Arnaldo,Seagrove,Sydney,Topiclounge,159-60-3172,769-35-7344
Coriss,Glasheen,Jen,Kimia,416-30-5824,763-85-1047
Merell,Muzzall,Tiffi,Devbug,360-55-8420,602-22-4371
Tania,Lynthal,Beryle,Realpoint,660-54-8064,430-52-3771
Haskell,O'Hickey,Sybilla,Babbleset,413-93-3004,264-37-1217
Kassey,Persent,Valencia,Quatz,180-70-1512,635-61-0808
Rubie,Burgiss,Bernardine,Brightbean,662-32-2664,749-10-2526
Heddi,Bigglestone,Tiena,Jayo,575-04-1160,847-22-0770
Kare,Sellors,Merle,Gigaclub,353-09-3150,553-14-3092
Ola,Crowcum,Mella,Vipe,443-35-7491,701-97-9051
Jesse,Cockerill,Christye,Eidel,350-70-9713,729-67-6156
Elvin,Cazalet,Ernaline,Thoughtblab,431-51-3308,255-28-3059
Kurtis,O'Hannay,Denise,Photospace,529-28-2935,646-97-0151
Susannah,Writer,Evaleen,Mydeo,309-47-7233,747-55-0707
Hedda,D'Aubney,Cheryl,Rhyzio,177-81-2167,708-89-2927
Avrit,MacMechan,Saree,Rhyloo,366-52-1743,852-98-3491
Angelique,Ert,Clarissa,Skinte,264-82-5686,456-86-6109
Helen-elizabeth,Billett,Liane,Meedoo,507-20-3968,258-90-5521
Arlen,O'Siaghail,Hedvige,Quatz,414-23-2510,502-98-5918
Helenka,Halvosen,Arabel,Feedfire,309-85-1649,847-28-3499
Collette,Frostdyke,Helenka,Jabberbean,786-01-2519,620-41-8182
Dora,Mathely,Lottie,Yakijo,263-04-1550,654-17-9588
Enrique,Whitlaw,Rana,Buzzshare,614-63-5507,595-32-7214
Spencer,Philipsohn,Tamarra,Brainbox,371-83-8633,101-33-0064
Crawford,Manwaring,Farrand,Devshare,154-09-5663,242-03-5140
Ruben,Lambin,Ninnette,Gevee,876-66-8909,202-39-5270
Darcie,Gettone,Arabela,Cogibox,743-98-8738,296-79-2776
Gianna,Yardley,Mavra,Babbleset,777-84-6082,245-32-2510
Pacorro,Hanning,Alica,Flashset,554-55-2423,466-83-7051
Reggis,Myner,Shaylah,Tagcat,519-10-4407,563-06-3422
Dorice,Cross,Vitia,Jabbersphere,599-01-0710,557-05-6681
Lolly,MacAvaddy,Codi,Ooba,344-67-8998,316-19-4294
Berkie,Winslade,Dotty,Flashdog,374-33-5803,252-42-1190
Lorianne,Hasslocher,Lynsey,Flipstorm,520-52-6725,881-72-5821
Dorisa,Bedell,Carry,Zoonoodle,389-87-7318,241-84-8322
Barnabas,Lansdowne,Mellisa,Skivee,171-61-1244,892-40-9422
Bennett,Farraway,Shina,Tambee,235-85-4891,417-43-6992
Stacee,Bisp,Netti,Twimbo,882-09-1386,187-11-9112
Kelsey,McLukie,Darryl,Skinder,155-30-5958,630-26-7337
Austin,Franies,Mariel,Oyoloo,292-19-9199,550-22-7188
Brittaney,Currey,Ginger,Vinte,896-29-9884,204-10-5546
Pryce,Thireau,Afton,Divavu,290-19-8256,629-65-4619
Zachary,Sture,Wanda,Gabvine,686-72-8368,245-93-7853
Aaron,Coper,Tamarah,Voolia,749-99-8552,129-83-0669
Derby,Chaman,Arabele,Kwideo,284-86-1099,322-81-6971
Vallie,Ramos,Dee dee,Vitz,640-74-5835,453-21-0110
Kathe,Boyles,Bab,Kayveo,633-05-9489,552-81-4232
Fanny,Denziloe,Lina,Photobug,748-13-4253,661-42-5239
Samara,Outram,Micaela,Jabbersphere,316-04-8573,156-36-2570
Etti,Cattrall,Fey,Roomm,390-95-6006,401-92-7105
Shellie,Hecks,Rozamond,Edgewire,728-80-8271,606-87-9706
Stefanie,Pymm,Rosemonde,Zoomcast,695-67-9317,159-11-8388
Lari,Ference,Corly,Realcube,177-54-1383,214-77-3927
Britta,Lillgard,Roseanna,Izio,323-95-8945,314-92-9391
Germain,Eastcourt,Sheelagh,Devify,541-22-3843,845-56-5467
Bertie,Dunstan,Cherri,Roomm,226-11-9814,470-68-9251
Izak,Jori,Hedwig,Nlounge,870-82-7989,253-61-7798
Nicolea,Glanville,Lydia,Meevee,669-71-5627,435-92-9202
Kimberlee,Bulfoy,Jolee,Edgepulse,825-48-5716,851-97-9075
Valentine,O'Bruen,Mariejeanne,Edgetag,132-18-7462,293-53-8692
Shanon,Kabos,Drusie,Feednation,350-80-2847,831-83-7513
Killie,Pipping,Patience,Youopia,132-11-8398,543-11-6853
Harry,Valett,Alfi,Browseblab,254-27-0422,105-41-1315
Lea,Evens,Giulia,Dynazzy,641-82-5001,609-65-1368
Rriocard,McDonand,Gisela,Nlounge,752-05-0718,887-01-0924
Miranda,Heathcoat,Conni,Meevee,474-43-6212,716-16-3217
Kathye,Jakobsson,Ginnifer,Tazz,754-86-9329,640-34-1893
Opaline,Widmoor,Floria,Centimia,271-21-6462,430-03-0893
Isaiah,Lonsbrough,Dorie,Jaxspan,395-17-0307,358-77-7777
